type,name,iso_country,iata_code
large_airport,Port Moresby Jacksons International Airport,PG,POM
large_airport,Keflavik International Airport,IS,KEF
large_airport,PriÅ¡tina International Airport,XK,PRN
large_airport,Edmonton International Airport,CA,YEG
large_airport,Halifax / Stanfield International Airport,CA,YHZ
large_airport,Ottawa Macdonald-Cartier International Airport,CA,YOW
large_airport,Montreal / Pierre Elliott Trudeau International Airport,CA,YUL
large_airport,Vancouver International Airport,CA,YVR
large_airport,Winnipeg / James Armstrong Richardson International Airport,CA,YWG
large_airport,Calgary International Airport,CA,YYC
large_airport,Victoria International Airport,CA,YYJ
large_airport,St. John's International Airport,CA,YYT
large_airport,Lester B. Pearson International Airport,CA,YYZ
large_airport,Houari Boumediene Airport,DZ,ALG
large_airport,Ouagadougou Airport,BF,OUA
large_airport,Kotoka International Airport,GH,ACC
large_airport,Nnamdi Azikiwe International Airport,NG,ABV
large_airport,Akwa Ibom International Airport,NG,QUO
large_airport,Mallam Aminu International Airport,NG,KAN
large_airport,Murtala Muhammed International Airport,NG,LOS
large_airport,Diori Hamani International Airport,NE,NIM
large_airport,Tunis Carthage International Airport,TN,TUN
large_airport,Brussels Airport,BE,BRU
large_airport,Brussels South Charleroi Airport,BE,CRL
large_airport,LiÃ¨ge Airport,BE,LGG
large_airport,Berlin-SchÃ¶nefeld Airport,DE,SXF
large_airport,Dresden Airport,DE,DRS
large_airport,Frankfurt am Main Airport,DE,FRA
large_airport,MÃ¼nster OsnabrÃ¼ck Airport,DE,FMO
large_airport,Hamburg Airport,DE,HAM
large_airport,Cologne Bonn Airport,DE,CGN
large_airport,DÃ¼sseldorf Airport,DE,DUS
large_airport,Munich Airport,DE,MUC
large_airport,Nuremberg Airport,DE,NUE
large_airport,Leipzig/Halle Airport,DE,LEJ
large_airport,Stuttgart Airport,DE,STR
large_airport,Berlin-Tegel Airport,DE,TXL
large_airport,Hannover Airport,DE,HAJ
large_airport,Bremen Airport,DE,BRE
large_airport,Dortmund Airport,DE,DTM
large_airport,Karlsruhe Baden-Baden Airport,DE,FKB
large_airport,Lennart Meri Tallinn Airport,EE,TLL
large_airport,Helsinki Vantaa Airport,FI,HEL
large_airport,Belfast International Airport,GB,BFS
large_airport,George Best Belfast City Airport,GB,BHD
large_airport,Birmingham International Airport,GB,BHX
large_airport,Manchester Airport,GB,MAN
large_airport,Robin Hood Doncaster Sheffield Airport,GB,DSA
large_airport,Cardiff International Airport,GB,CWL
large_airport,Bristol Airport,GB,BRS
large_airport,Liverpool John Lennon Airport,GB,LPL
large_airport,London Luton Airport,GB,LTN
large_airport,Bournemouth Airport,GB,BOH
large_airport,Southampton Airport,GB,SOU
large_airport,London Gatwick Airport,GB,LGW
large_airport,London Heathrow Airport,GB,LHR
large_airport,Leeds Bradford Airport,GB,LBA
large_airport,Newcastle Airport,GB,NCL
large_airport,East Midlands Airport,GB,EMA
large_airport,Aberdeen Dyce Airport,GB,ABZ
large_airport,Glasgow International Airport,GB,GLA
large_airport,Edinburgh Airport,GB,EDI
large_airport,Norwich International Airport,GB,NWI
large_airport,London Stansted Airport,GB,STN
large_airport,Exeter International Airport,GB,EXT
large_airport,RAF Lakenheath,GB,LKZ
large_airport,RAF Mildenhall,GB,MHZ
large_airport,RAF Fairford,GB,FFD
large_airport,RAF Brize Norton,GB,BZZ
large_airport,Amsterdam Airport Schiphol,NL,AMS
large_airport,Eindhoven Airport,NL,EIN
large_airport,Cork Airport,IE,ORK
large_airport,Dublin Airport,IE,DUB
large_airport,Shannon Airport,IE,SNN
large_airport,Billund Airport,DK,BLL
large_airport,Copenhagen Kastrup Airport,DK,CPH
large_airport,Aalborg Airport,DK,AAL
large_airport,Luxembourg-Findel International Airport,LU,LUX
large_airport,BodÃ¸ Airport,NO,BOO
large_airport,Bergen Airport Flesland,NO,BGO
large_airport,Oslo Gardermoen Airport,NO,OSL
large_airport,TromsÃ¸ Airport,NO,TOS
large_airport,Trondheim Airport VÃ¦rnes,NO,TRD
large_airport,Stavanger Airport Sola,NO,SVG
large_airport,GdaÅsk Lech WaÅÄsa Airport,PL,GDN
large_airport,KrakÃ³w John Paul II International Airport,PL,KRK
large_airport,Katowice International Airport,PL,KTW
large_airport,Modlin Airport,PL,WMI
large_airport,PoznaÅ-Åawica Airport,PL,POZ
large_airport,Warsaw Chopin Airport,PL,WAW
large_airport,Copernicus WrocÅaw Airport,PL,WRO
large_airport,Gothenburg-Landvetter Airport,SE,GOT
large_airport,MalmÃ¶ Sturup Airport,SE,MMX
large_airport,LuleÃ¥ Airport,SE,LLA
large_airport,Stockholm-Arlanda Airport,SE,ARN
large_airport,Ramstein Air Base,DE,RMS
large_airport,Riga International Airport,LV,RIX
large_airport,Vilnius International Airport,LT,VNO
large_airport,Cape Town International Airport,ZA,CPT
large_airport,George Airport,ZA,GRJ
large_airport,King Shaka International Airport,ZA,DUR
large_airport,OR Tambo International Airport,ZA,JNB
large_airport,Sir Seretse Khama International Airport,BW,GBE
large_airport,King Mswati III International Airport,SZ,SHO
large_airport,Sir Seewoosagur Ramgoolam International Airport,MU,MRU
large_airport,Kenneth Kaunda International Airport,ZM,LUN
large_airport,Ivato Airport,MG,TNR
large_airport,Quatro de Fevereiro Airport,AO,LAD
large_airport,Maputo Airport,MZ,MPM
large_airport,Seychelles International Airport,SC,SEZ
large_airport,N'Djamena International Airport,TD,NDJ
large_airport,Robert Gabriel Mugabe International Airport,ZW,HRE
large_airport,Hosea Kutako International Airport,,WDH
large_airport,Ndjili International Airport,CD,FIH
large_airport,Modibo Keita International Airport,ML,BKO
large_airport,La Palma Airport,ES,SPC
large_airport,Gran Canaria Airport,ES,LPA
large_airport,Tenerife South Airport,ES,TFS
large_airport,Tenerife Norte Airport,ES,TFN
large_airport,Lungi International Airport,SL,FNA
large_airport,Roberts International Airport,LR,ROB
large_airport,Mohammed V International Airport,MA,CMN
large_airport,Blaise Diagne International Airport,SN,DSS
large_airport,LÃ©opold SÃ©dar Senghor International Airport,SN,DKR
large_airport,NouakchottâOumtounsy International Airport,MR,NKC
large_airport,AmÃ­lcar Cabral International Airport,CV,SID
large_airport,Addis Ababa Bole International Airport,ET,ADD
large_airport,Egal International Airport,SO,HGA
large_airport,Cairo International Airport,EG,CAI
large_airport,Hurghada International Airport,EG,HRG
large_airport,Luxor International Airport,EG,LXR
large_airport,Jomo Kenyatta International Airport,KE,NBO
large_airport,Mombasa Moi International Airport,KE,MBA
large_airport,Tripoli International Airport,LY,TIP
large_airport,Kigali International Airport,RW,KGL
large_airport,Juba International Airport,SS,JUB
large_airport,Khartoum International Airport,SD,KRT
large_airport,Julius Nyerere International Airport,TZ,DAR
large_airport,Abeid Amani Karume International Airport,TZ,ZNZ
large_airport,Entebbe International Airport,UG,EBB
large_airport,Aji Pangeran Tumenggung Pranoto International Airport,ID,AAP
large_airport,Albuquerque International Sunport,US,ABQ
large_airport,Joint Base Andrews,US,ADW
large_airport,Fort Worth Alliance Airport,US,AFW
large_airport,Augusta Regional At Bush Field,US,AGS
large_airport,Rick Husband Amarillo International Airport,US,AMA
large_airport,Hartsfield Jackson Atlanta International Airport,US,ATL
large_airport,Austin Bergstrom International Airport,US,AUS
large_airport,Asheville Regional Airport,US,AVL
large_airport,Beale Air Force Base,US,BAB
large_airport,Barksdale Air Force Base,US,BAD
large_airport,Bradley International Airport,US,BDL
large_airport,Boeing Field King County International Airport,US,BFI
large_airport,Bangor International Airport,US,BGR
large_airport,Birmingham-Shuttlesworth International Airport,US,BHM
large_airport,Billings Logan International Airport,US,BIL
large_airport,Scott AFB/Midamerica Airport,US,BLV
large_airport,Central Illinois Regional Airport at Bloomington-Normal,US,BMI
large_airport,Nashville International Airport,US,BNA
large_airport,Boise Air Terminal/Gowen Field,US,BOI
large_airport,General Edward Lawrence Logan International Airport,US,BOS
large_airport,Buffalo Niagara International Airport,US,BUF
large_airport,Baltimore/Washington International Thurgood Marshall Airport,US,BWI
large_airport,Columbia Metropolitan Airport,US,CAE
large_airport,Columbus Air Force Base,US,CBM
large_airport,Lovell Field,US,CHA
large_airport,Charleston Air Force Base-International Airport,US,CHS
large_airport,The Eastern Iowa Airport,US,CID
large_airport,Cleveland Hopkins International Airport,US,CLE
large_airport,Charlotte Douglas International Airport,US,CLT
large_airport,John Glenn Columbus International Airport,US,CMH
large_airport,City of Colorado Springs Municipal Airport,US,COS
large_airport,Corpus Christi International Airport,US,CRP
large_airport,Yeager Airport,US,CRW
large_airport,Cincinnati Northern Kentucky International Airport,US,CVG
large_airport,Cannon Air Force Base,US,CVS
large_airport,Daytona Beach International Airport,US,DAB
large_airport,Dallas Love Field,US,DAL
large_airport,James M Cox Dayton International Airport,US,DAY
large_airport,Dubuque Regional Airport,US,DBQ
large_airport,Ronald Reagan Washington National Airport,US,DCA
large_airport,Denver International Airport,US,DEN
large_airport,Dallas Fort Worth International Airport,US,DFW
large_airport,DLF Airport,US,DLF
large_airport,Duluth International Airport,US,DLH
large_airport,Dover Air Force Base,US,DOV
large_airport,Des Moines International Airport,US,DSM
large_airport,Detroit Metropolitan Wayne County Airport,US,DTW
large_airport,Dyess Air Force Base,US,DYS
large_airport,Edwards Air Force Base,US,EDW
large_airport,Vance Air Force Base,US,END
large_airport,Erie International Tom Ridge Field,US,ERI
large_airport,Newark Liberty International Airport,US,EWR
large_airport,Wright-Patterson Air Force Base,US,FFO
large_airport,Fort Lauderdale Hollywood International Airport,US,FLL
large_airport,Fort Smith Regional Airport,US,FSM
large_airport,Fort Worth Meacham International Airport,US,FTW
large_airport,Fort Wayne International Airport,US,FWA
large_airport,Spokane International Airport,US,GEG
large_airport,Gulfport Biloxi International Airport,US,GPT
large_airport,Austin Straubel International Airport,US,GRB
large_airport,Seymour Johnson Air Force Base,US,GSB
large_airport,Piedmont Triad International Airport,US,GSO
large_airport,Greenville Spartanburg International Airport,US,GSP
large_airport,Grissom Air Reserve Base,US,GUS
large_airport,Range Regional Airport,US,HIB
large_airport,Holloman Air Force Base,US,HMN
large_airport,William P Hobby Airport,US,HOU
large_airport,Huntsville International Carl T Jones Field,US,HSV
large_airport,Tri-State/Milton J. Ferguson Field,US,HTS
large_airport,Washington Dulles International Airport,US,IAD
large_airport,George Bush Intercontinental Houston Airport,US,IAH
large_airport,Wichita Eisenhower National Airport,US,ICT
large_airport,Indianapolis International Airport,US,IND
large_airport,Jackson-Medgar Wiley Evers International Airport,US,JAN
large_airport,Jacksonville International Airport,US,JAX
large_airport,John F Kennedy International Airport,US,JFK
large_airport,Joplin Regional Airport,US,JLN
large_airport,McCarran International Airport,US,LAS
large_airport,Los Angeles International Airport,US,LAX
large_airport,Lubbock Preston Smith International Airport,US,LBB
large_airport,Rickenbacker International Airport,US,LCK
large_airport,Blue Grass Airport,US,LEX
large_airport,Langley Air Force Base,US,LFI
large_airport,Lafayette Regional Airport,US,LFT
large_airport,La Guardia Airport,US,LGA
large_airport,Bill & Hillary Clinton National Airport/Adams Field,US,LIT
large_airport,Altus Air Force Base,US,LTS
large_airport,Luke Air Force Base,US,LUF
large_airport,MBS International Airport,US,MBS
large_airport,Mac Dill Air Force Base,US,MCF
large_airport,Kansas City International Airport,US,MCI
large_airport,Orlando International Airport,US,MCO
large_airport,Chicago Midway International Airport,US,MDW
large_airport,Memphis International Airport,US,MEM
large_airport,Dobbins Air Reserve Base,US,MGE
large_airport,Montgomery Regional (Dannelly Field) Airport,US,MGM
large_airport,Manchester-Boston Regional Airport,US,MHT
large_airport,Miami International Airport,US,MIA
large_airport,General Mitchell International Airport,US,MKE
large_airport,Quad City International Airport,US,MLI
large_airport,Monroe Regional Airport,US,MLU
large_airport,Mobile Regional Airport,US,MOB
large_airport,Dane County Regional Truax Field,US,MSN
large_airport,Minneapolis-St Paul International/Wold-Chamberlain Airport,US,MSP
large_airport,Louis Armstrong New Orleans International Airport,US,MSY
large_airport,Mountain Home Air Force Base,US,MUO
large_airport,Metropolitan Oakland International Airport,US,OAK
large_airport,Will Rogers World Airport,US,OKC
large_airport,Eppley Airfield,US,OMA
large_airport,Ontario International Airport,US,ONT
large_airport,Chicago O'Hare International Airport,US,ORD
large_airport,Norfolk International Airport,US,ORF
large_airport,Tyndall Air Force Base,US,PAM
large_airport,Palm Beach International Airport,US,PBI
large_airport,Portland International Airport,US,PDX
large_airport,Newport News Williamsburg International Airport,US,PHF
large_airport,Philadelphia International Airport,US,PHL
large_airport,Phoenix Sky Harbor International Airport,US,PHX
large_airport,General Wayne A. Downing Peoria International Airport,US,PIA
large_airport,Pittsburgh International Airport,US,PIT
large_airport,Theodore Francis Green State Airport,US,PVD
large_airport,Portland International Jetport,US,PWM
large_airport,Raleigh Durham International Airport,US,RDU
large_airport,Chicago Rockford International Airport,US,RFD
large_airport,Richmond International Airport,US,RIC
large_airport,Randolph Air Force Base,US,RND
large_airport,Reno Tahoe International Airport,US,RNO
large_airport,RoanokeâBlacksburg Regional Airport,US,ROA
large_airport,Greater Rochester International Airport,US,ROC
large_airport,Rochester International Airport,US,RST
large_airport,Southwest Florida International Airport,US,RSW
large_airport,San Diego International Airport,US,SAN
large_airport,San Antonio International Airport,US,SAT
large_airport,Savannah Hilton Head International Airport,US,SAV
large_airport,South Bend Regional Airport,US,SBN
large_airport,Louisville Muhammad Ali International Airport,US,SDF
large_airport,Seattle Tacoma International Airport,US,SEA
large_airport,Orlando Sanford International Airport,US,SFB
large_airport,San Francisco International Airport,US,SFO
large_airport,Springfield Branson National Airport,US,SGF
large_airport,Norman Y. Mineta San Jose International Airport,US,SJC
large_airport,Fairchild Air Force Base,US,SKA
large_airport,Salt Lake City International Airport,US,SLC
large_airport,Sacramento International Airport,US,SMF
large_airport,John Wayne Airport-Orange County Airport,US,SNA
large_airport,Abraham Lincoln Capital Airport,US,SPI
large_airport,Sheppard Air Force Base-Wichita Falls Municipal Airport,US,SPS
large_airport,Sarasota Bradenton International Airport,US,SRQ
large_airport,Shaw Air Force Base,US,SSC
large_airport,St Louis Lambert International Airport,US,STL
large_airport,Spirit of St Louis Airport,US,SUS
large_airport,Travis Air Force Base,US,SUU
large_airport,Sioux Gateway Airport/Brigadier General Bud Day Field,US,SUX
large_airport,Syracuse Hancock International Airport,US,SYR
large_airport,Whiteman Air Force Base,US,SZL
large_airport,McChord Air Force Base,US,TCM
large_airport,Tinker Air Force Base,US,TIK
large_airport,Tallahassee Regional Airport,US,TLH
large_airport,Toledo Express Airport,US,TOL
large_airport,Tampa International Airport,US,TPA
large_airport,Tri-Cities Regional TN/VA Airport,US,TRI
large_airport,Tulsa International Airport,US,TUL
large_airport,Tucson International Airport / Morris Air National Guard Base,US,TUS
large_airport,McGhee Tyson Airport,US,TYS
large_airport,Vandenberg Air Force Base,US,VBG
large_airport,Destin-Ft Walton Beach Airport,US,VPS
large_airport,Robins Air Force Base,US,WRB
large_airport,Tirana International Airport Mother Teresa,AL,TIA
large_airport,Burgas Airport,BG,BOJ
large_airport,Sofia Airport,BG,SOF
large_airport,Varna Airport,BG,VAR
large_airport,Larnaca International Airport,CY,LCA
large_airport,Paphos International Airport,CY,PFO
large_airport,RAF Akrotiri,GB,AKT
large_airport,Zagreb Airport,HR,ZAG
large_airport,Alicante International Airport,ES,ALC
large_airport,Barcelona International Airport,ES,BCN
large_airport,Adolfo SuÃ¡rez MadridâBarajas Airport,ES,MAD
large_airport,MÃ¡laga Airport,ES,AGP
large_airport,Palma De Mallorca Airport,ES,PMI
large_airport,Santiago de Compostela Airport,ES,SCQ
large_airport,Bordeaux-MÃ©rignac Airport,FR,BOD
large_airport,Toulouse-Blagnac Airport,FR,TLS
large_airport,Lyon Saint-ExupÃ©ry Airport,FR,LYS
large_airport,Marseille Provence Airport,FR,MRS
large_airport,Nice-CÃ´te d'Azur Airport,FR,NCE
large_airport,Charles de Gaulle International Airport,FR,CDG
large_airport,Paris-Orly Airport,FR,ORY
large_airport,EuroAirport Basel-Mulhouse-Freiburg Airport,FR,BSL
large_airport,Eleftherios Venizelos International Airport,GR,ATH
large_airport,Heraklion International Nikos Kazantzakis Airport,GR,HER
large_airport,Thessaloniki Macedonia International Airport,GR,SKG
large_airport,Budapest Liszt Ferenc International Airport,HU,BUD
large_airport,Bari Karol WojtyÅa Airport,IT,BRI
large_airport,Catania-Fontanarossa Airport,IT,CTA
large_airport,FalconeâBorsellino Airport,IT,PMO
large_airport,Cagliari Elmas Airport,IT,CAG
large_airport,Malpensa International Airport,IT,MXP
large_airport,Milan Bergamo Airport,IT,BGY
large_airport,Turin Airport,IT,TRN
large_airport,Genoa Cristoforo Colombo Airport,IT,GOA
large_airport,Milano Linate Airport,IT,LIN
large_airport,Bologna Guglielmo Marconi Airport,IT,BLQ
large_airport,Treviso-Sant'Angelo Airport,IT,TSF
large_airport,Verona Villafranca Airport,IT,VRN
large_airport,Venice Marco Polo Airport,IT,VCE
large_airport,CiampinoâG. B. Pastine International Airport,IT,CIA
large_airport,Leonardo da VinciâFiumicino Airport,IT,FCO
large_airport,Naples International Airport,IT,NAP
large_airport,Pisa International Airport,IT,PSA
large_airport,Ljubljana JoÅ¾e PuÄnik Airport,SI,LJU
large_airport,VÃ¡clav Havel Airport Prague,CZ,PRG
large_airport,Ben Gurion International Airport,IL,TLV
large_airport,Ovda International Airport,IL,VDA
large_airport,Malta International Airport,MT,MLA
large_airport,Vienna International Airport,AT,VIE
large_airport,Faro Airport,PT,FAO
large_airport,Lajes Airport,PT,TER
large_airport,JoÃ£o Paulo II Airport,PT,PDL
large_airport,Francisco de SÃ¡ Carneiro Airport,PT,OPO
large_airport,Humberto Delgado Airport (Lisbon Portela Airport),PT,LIS
large_airport,Sarajevo International Airport,BA,SJJ
large_airport,Henri CoandÄ International Airport,RO,OTP
large_airport,Geneva Cointrin International Airport,CH,GVA
large_airport,ZÃ¼rich Airport,CH,ZRH
large_airport,EsenboÄa International Airport,TR,ESB
large_airport,Adana Airport,TR,ADA
large_airport,Antalya International Airport,TR,AYT
large_airport,Gaziantep International Airport,TR,GZT
large_airport,AtatÃ¼rk International Airport,TR,ISL
large_airport,Adnan Menderes International Airport,TR,ADB
large_airport,Dalaman International Airport,TR,DLM
large_airport,Erzurum International Airport,TR,ERZ
large_airport,Trabzon International Airport,TR,TZX
large_airport,SÃ¼leyman Demirel International Airport,TR,ISE
large_airport,Milas Bodrum International Airport,TR,BJV
large_airport,Sabiha GÃ¶kÃ§en International Airport,TR,SAW
large_airport,Istanbul Airport,TR,IST
large_airport,Skopje International Airport,MK,SKP
large_airport,Belgrade Nikola Tesla Airport,RS,BEG
large_airport,Podgorica Airport,ME,TGD
large_airport,M. R. Å tefÃ¡nik Airport,SK,BTS
large_airport,Punta Cana International Airport,DO,PUJ
large_airport,Las AmÃ©ricas International Airport,DO,SDQ
large_airport,La Aurora Airport,GT,GUA
large_airport,Norman Manley International Airport,JM,KIN
large_airport,General Juan N Alvarez International Airport,MX,ACA
large_airport,Don Miguel Hidalgo Y Costilla International Airport,MX,GDL
large_airport,General Ignacio P. Garcia International Airport,MX,HMO
large_airport,Licenciado Benito Juarez International Airport,MX,MEX
large_airport,General Mariano Escobedo International Airport,MX,MTY
large_airport,Licenciado Gustavo DÃ­az Ordaz International Airport,MX,PVR
large_airport,Los Cabos International Airport,MX,SJD
large_airport,General Abelardo L. RodrÃ­guez International Airport,MX,TIJ
large_airport,CancÃºn International Airport,MX,CUN
large_airport,Tocumen International Airport,PA,PTY
large_airport,Daniel Oduber Quiros International Airport,CR,LIR
large_airport,MonseÃ±or Ãscar Arnulfo Romero International Airport,SV,SAL
large_airport,JosÃ© MartÃ­ International Airport,CU,HAV
large_airport,Juan Gualberto Gomez International Airport,CU,VRA
large_airport,Owen Roberts International Airport,KY,GCM
large_airport,Lynden Pindling International Airport,BS,NAS
large_airport,Philip S. W. Goldson International Airport,BZ,BZE
large_airport,Rarotonga International Airport,CK,RAR
large_airport,Faa'a International Airport,PF,PPT
large_airport,Auckland International Airport,NZ,AKL
large_airport,Christchurch International Airport,NZ,CHC
large_airport,Wellington International Airport,NZ,WLG
large_airport,Bahrain International Airport,BH,BAH
large_airport,King Fahd International Airport,SA,DMM
large_airport,King Abdulaziz Air Base,SA,DHA
large_airport,King Abdulaziz International Airport,SA,JED
large_airport,Prince Mohammad Bin Abdulaziz Airport,SA,MED
large_airport,King Khaled International Airport,SA,RUH
large_airport,Imam Khomeini International Airport,IR,IKA
large_airport,Mehrabad International Airport,IR,THR
large_airport,Mashhad International Airport,IR,MHD
large_airport,Shiraz Shahid Dastghaib International Airport,IR,SYZ
large_airport,Tabriz International Airport,IR,TBZ
large_airport,Queen Alia International Airport,JO,AMM
large_airport,Kuwait International Airport,KW,KWI
large_airport,Beirut Rafic Hariri International Airport,LB,BEY
large_airport,Duqm International Airport,OM,DQM
large_airport,Rustaq Airport,OM,MNH
large_airport,Abu Dhabi International Airport,AE,AUH
large_airport,Dubai International Airport,AE,DXB
large_airport,Al Maktoum International Airport,AE,DWC
large_airport,Sharjah International Airport,AE,SHJ
large_airport,Muscat International Airport,OM,MCT
large_airport,Islamabad International Airport,PK,ISB
large_airport,Sialkot Airport,PK,SKT
large_airport,Baghdad International Airport,IQ,BGW
large_airport,Basrah International Airport,IQ,BSR
large_airport,Aleppo International Airport,SY,ALP
large_airport,Damascus International Airport,SY,DAM
large_airport,Bassel Al-Assad International Airport,SY,LTK
large_airport,Hamad International Airport,QA,DOH
large_airport,Fairbanks International Airport,US,FAI
large_airport,Ted Stevens Anchorage International Airport,US,ANC
large_airport,Antonio B. Won Pat International Airport,GU,GUM
large_airport,Laguindingan Airport,PH,CGY
large_airport,Daniel K Inouye International Airport,US,HNL
large_airport,Kinmen Airport,TW,KNH
large_airport,Kaohsiung International Airport,TW,KHH
large_airport,Taiwan Taoyuan International Airport,TW,TPE
large_airport,Narita International Airport,JP,NRT
large_airport,Kansai International Airport,JP,KIX
large_airport,New Chitose Airport,JP,CTS
large_airport,Fukuoka Airport,JP,FUK
large_airport,Kagoshima Airport,JP,KOJ
large_airport,Chubu Centrair International Airport,JP,NGO
large_airport,Mt. Fuji Shizuoka Airport,JP,FSZ
large_airport,Osaka International Airport,JP,ITM
large_airport,Tokyo Haneda International Airport,JP,HND
large_airport,Yokota Air Base,JP,OKO
large_airport,Muan International Airport,KR,MWX
large_airport,Kunsan Air Base,KR,KUV
large_airport,Jeju International Airport,KR,CJU
large_airport,Gimhae International Airport,KR,PUS
large_airport,Incheon International Airport,KR,ICN
large_airport,Osan Air Base,KR,OSN
large_airport,Gimpo International Airport,KR,GMP
large_airport,Cheongju International Airport/Cheongju Air Base (K-59/G-513),KR,CJJ
large_airport,Naha Airport,JP,OKA
large_airport,Kadena Air Base,JP,DNA
large_airport,Diosdado Macapagal International Airport,PH,CRK
large_airport,Ninoy Aquino International Airport,PH,MNL
large_airport,Francisco Bangoy International Airport,PH,DVO
large_airport,Mactan Cebu International Airport,PH,CEB
large_airport,Grozny North Airport,RU,GRV
large_airport,Ministro Pistarini International Airport,AR,EZE
large_airport,Val de Cans/JÃºlio Cezar Ribeiro International Airport,BR,BEL
large_airport,Presidente Juscelino Kubitschek International Airport,BR,BSB
large_airport,Tancredo Neves International Airport,BR,CNF
large_airport,Afonso Pena Airport,BR,CWB
large_airport,Eduardo Gomes International Airport,BR,MAO
large_airport,HercÃ­lio Luz International Airport,BR,FLN
large_airport,Rio GaleÃ£o â Tom Jobim International Airport,BR,GIG
large_airport,Guarulhos - Governador AndrÃ© Franco Montoro International Airport,BR,GRU
large_airport,Governador AluÃ­zio Alves International Airport,BR,NAT
large_airport,Congonhas Airport,BR,CGH
large_airport,Deputado Luiz Eduardo MagalhÃ£es International Airport,BR,SSA
large_airport,Comodoro Arturo Merino BenÃ­tez International Airport,CL,SCL
large_airport,Cotopaxi International Airport,EC,LTX
large_airport,Mariscal Sucre International Airport,EC,UIO
large_airport,El Dorado International Airport,CO,BOG
large_airport,Viru Viru International Airport,BO,VVI
large_airport,Jorge ChÃ¡vez International Airport,PE,LIM
large_airport,Alejandro Velasco Astete International Airport,PE,CUZ
large_airport,Carrasco International /General C L Berisso Airport,UY,MVD
large_airport,General JosÃ© Antonio Anzoategui International Airport,VE,BLA
large_airport,SimÃ³n BolÃ­var International Airport,VE,CCS
large_airport,Pointe-Ã -Pitre Le Raizet,GP,PTP
large_airport,Luis Munoz Marin International Airport,PR,SJU
large_airport,Enfidha - Hammamet International Airport,TN,NBE
large_airport,Princess Juliana International Airport,SX,SXM
large_airport,Almaty Airport,KZ,ALA
large_airport,Astana International Airport,KZ,TSE
large_airport,Manas International Airport,KG,FRU
large_airport,Sary-Arka Airport,KZ,KGF
large_airport,Heydar Aliyev International Airport,AZ,GYD
large_airport,Zvartnots International Airport,AM,EVN
large_airport,Tbilisi International Airport,GE,TBS
large_airport,Khabarovsk-Novy Airport,RU,KHV
large_airport,Boryspil International Airport,UA,KBP
large_airport,Simferopol International Airport,UA,SIP
large_airport,Kharkiv International Airport,UA,HRK
large_airport,Odessa International Airport,UA,ODS
large_airport,Pulkovo Airport,RU,LED
large_airport,Minsk National Airport,BY,MSQ
large_airport,Yemelyanovo Airport,RU,KJA
large_airport,Tolmachevo Airport,RU,OVB
large_airport,Platov International Airport,RU,ROV
large_airport,Sochi International Airport,RU,AER
large_airport,Koltsovo Airport,RU,SVX
large_airport,Ashgabat International Airport,TM,ASB
large_airport,Tashkent International Airport,UZ,TAS
large_airport,Zhukovsky International Airport,RU,ZIA
large_airport,Domodedovo International Airport,RU,DME
large_airport,Sheremetyevo International Airport,RU,SVO
large_airport,Vnukovo International Airport,RU,VKO
large_airport,Kazan International Airport,RU,KZN
large_airport,Ufa International Airport,RU,UFA
large_airport,Kurumoch International Airport,RU,KUF
large_airport,Chhatrapati Shivaji International Airport,IN,BOM
large_airport,Dabolim Airport,IN,GOI
large_airport,Bandaranaike International Colombo Airport,LK,CMB
large_airport,Mattala Rajapaksa International Airport,LK,HRI
large_airport,Phnom Penh International Airport,KH,PNH
large_airport,Siem Reap International Airport,KH,REP
large_airport,Netaji Subhash Chandra Bose International Airport,IN,CCU
large_airport,Hazrat Shahjalal International Airport,BD,DAC
large_airport,Hong Kong International Airport,HK,HKG
large_airport,Sri Guru Ram Dass Jee International Airport,IN,ATQ
large_airport,Indira Gandhi International Airport,IN,DEL
large_airport,Macau International Airport,MO,MFM
large_airport,Tribhuvan International Airport,NP,KTM
large_airport,Kempegowda International Airport,IN,BLR
large_airport,Cochin International Airport,IN,COK
large_airport,Calicut International Airport,IN,CCJ
large_airport,Rajiv Gandhi International Airport,IN,HYD
large_airport,Chennai International Airport,IN,MAA
large_airport,Trivandrum International Airport,IN,TRV
large_airport,MalÃ© International Airport,MV,MLE
large_airport,Don Mueang International Airport,TH,DMK
large_airport,Suvarnabhumi Airport,TH,BKK
large_airport,Chiang Mai International Airport,TH,CNX
large_airport,Phuket International Airport,TH,HKT
large_airport,Da Nang International Airport,VN,DAD
large_airport,Noi Bai International Airport,VN,HAN
large_airport,Tan Son Nhat International Airport,VN,SGN
large_airport,Mandalay International Airport,MM,MDL
large_airport,Yangon International Airport,MM,RGN
large_airport,Hasanuddin International Airport,ID,UPG
large_airport,Ngurah Rai (Bali) International Airport,ID,DPS
large_airport,Sentani International Airport,ID,DJJ
large_airport,Juanda International Airport,ID,SUB
large_airport,Dominique Edward Osok Airport,ID,SOQ
large_airport,Brunei International Airport,BN,BWN
large_airport,Soekarno-Hatta International Airport,ID,CGK
large_airport,Kualanamu International Airport,ID,KNO
large_airport,Kuala Lumpur International Airport,MY,KUL
large_airport,Singapore Changi Airport,SG,SIN
large_airport,Brisbane International Airport,AU,BNE
large_airport,Melbourne International Airport,AU,MEL
large_airport,Yantai Penglai International Airport,CN,YNT
large_airport,Adelaide International Airport,AU,ADL
large_airport,Perth International Airport,AU,PER
large_airport,Canberra International Airport,AU,CBR
large_airport,Sydney Kingsford Smith International Airport,AU,SYD
large_airport,Beijing Capital International Airport,CN,PEK
large_airport,Beijing Daxing International Airport,CN,PKX
large_airport,Baita International Airport,CN,HET
large_airport,Beijing Nanyuan Airport,CN,NAY
large_airport,Tianjin Binhai International Airport,CN,TSN
large_airport,Taiyuan Wusu Airport,CN,TYN
large_airport,Guangzhou Baiyun International Airport,CN,CAN
large_airport,Changsha Huanghua International Airport,CN,CSX
large_airport,Guilin Liangjiang International Airport,CN,KWL
large_airport,Nanning Wuxu Airport,CN,NNG
large_airport,Shenzhen Bao'an International Airport,CN,SZX
large_airport,Zhengzhou Xinzheng International Airport,CN,CGO
large_airport,Wuhan Tianhe International Airport,CN,WUH
large_airport,Haikou Meilan International Airport,CN,HAK
large_airport,Sanya Phoenix International Airport,CN,SYX
large_airport,Xi'an Xianyang International Airport,CN,XIY
large_airport,Ulaanbaatar International Airport,MN,UBN
large_airport,Buyant-Ukhaa International Airport,MN,ULN
large_airport,Kunming Changshui International Airport,CN,KMG
large_airport,Xiamen Gaoqi International Airport,CN,XMN
large_airport,Fuzhou Changle International Airport,CN,FOC
large_airport,Hangzhou Xiaoshan International Airport,CN,HGH
large_airport,Yaoqiang Airport,CN,TNA
large_airport,Ningbo Lishe International Airport,CN,NGB
large_airport,Nanjing Lukou Airport,CN,NKG
large_airport,Shanghai Pudong International Airport,CN,PVG
large_airport,Shanghai Hongqiao International Airport,CN,SHA
large_airport,Wenzhou Longwan International Airport,CN,WNZ
large_airport,Chongqing Jiangbei International Airport,CN,CKG
large_airport,Longdongbao Airport,CN,KWE
large_airport,Chengdu Shuangliu International Airport,CN,CTU
large_airport,ÃrÃ¼mqi Diwopu International Airport,CN,URC
large_airport,Taiping Airport,CN,HRB
large_airport,Zhoushuizi Airport,CN,DLC
large_airport,Taoxian Airport,CN,SHE
